subject,culture,ssi_id,circle_number,codeable,me_circle,coder,x,y,r
SS1651544690789,CN,CN1,1,0,0,SG,313,427,104
SS1651544690789,CN,CN1,2,0,0,SG,287,427,126.3170614
SS1651544690789,CN,CN1,3,0,0,SG,314,420,169.0562037
SS1651544690789,CN,CN1,4,0,0,SG,728,265,211.0260647
SS1651544824620,CN,CN2,1,1,0,SG,752,250,251.7478898
SS1651544824620,CN,CN2,2,1,0,SG,152,428,31.6227766
SS1651544824620,CN,CN2,3,1,1,SG,220,137,77.23341246
SS1651544913549,CN,CN3,1,1,1,SG,185,133,97.63708312
SS1651544913549,CN,CN3,2,1,0,SG,562,209,71.69379332
SS1651544913549,CN,CN3,3,1,0,SG,392,365,51.89412298
SS1651544913549,CN,CN3,4,1,0,SG,198,410,71.78439942
SS1651544913549,CN,CN3,5,1,0,SG,57,314,44.14748011
SS1651544913549,CN,CN3,6,1,0,SG,424,45,42.01190308
SS1651544913549,CN,CN3,7,1,0,SG,715,508,63.89053138
SS1651544913549,CN,CN3,8,1,0,SG,787,304,70
SS1651544913549,CN,CN3,9,1,0,SG,797,114,32.01562119
SS1651545081461,CN,CN4,1,1,1,SG,316,250,57.27128425
SS1651545081461,CN,CN4,2,1,0,SG,22,107,21.9317122
SS1651545081461,CN,CN4,3,1,0,SG,87,78,22.47220505
SS1651545081461,CN,CN4,4,1,0,SG,153,48,21.21320344
SS1651545081461,CN,CN4,5,1,0,SG,220,40,24.04163056
SS1651545081461,CN,CN4,6,1,0,SG,309,27,22.36067977
SS1651545081461,CN,CN4,7,1,0,SG,420,60,25.8069758
SS1651545081461,CN,CN4,8,1,0,SG,488,120,29.68164416
SS1651545107281,CN,CN5,1,1,1,SG,76,81,58.41232747
SS1651545107281,CN,CN5,2,1,0,SG,271,96,61.05735009
SS1651545107281,CN,CN5,3,1,0,SG,481,100,65.60487787
SS1651545107281,CN,CN5,4,1,0,SG,676,83,62.64982043
SS1651545107281,CN,CN5,5,1,0,SG,868,99,73.1641989
SS1651545107281,CN,CN5,6,1,0,SG,71,392,66.57326791
SS1651545107281,CN,CN5,7,1,0,SG,282,409,72.80109889
SS1651545107281,CN,CN5,8,1,0,SG,448,376,66.85057965
SS1651545107281,CN,CN5,9,1,0,SG,644,363,66.85057965
SS1651545107281,CN,CN5,10,1,0,SG,859,394,81.15417426
SS1651545107281,CN,CN5,11,1,0,SG,372,590,57.28001397
SS1651545107281,CN,CN5,12,1,0,SG,727,582,66.61080993
SS1651545123067,CN,CN6,1,1,1,SG,92,109,71.34423593
SS1651545123067,CN,CN6,2,1,0,SG,654,109,41.03656906
SS1651545123067,CN,CN6,3,1,0,SG,578,307,47.63402146
SS1651545123067,CN,CN6,4,1,0,SG,342,357,40.49691346
SS1651545123067,CN,CN6,5,1,0,SG,176,495,169.7792685
SS1651545188145,CN,CN7,1,1,1,SG,174,140,73.8241153
SS1651545188145,CN,CN7,2,1,0,SG,388,142,78.64477096
SS1651545279588,CN,CN8,1,1,1,SG,373,215,66.85057965
SS1651545279588,CN,CN8,2,1,0,SG,558,188,70.9365914
SS1651545279588,CN,CN8,3,1,0,SG,518,327,59.54829972
SS1651545279588,CN,CN8,4,1,0,SG,383,378,53.07541804
SS1651545279588,CN,CN8,5,1,0,SG,252,312,65.05382387
SS1651545279588,CN,CN8,6,1,0,SG,218,186,55.22680509
SS1651545279588,CN,CN8,7,1,0,SG,293,82,24.75883681
SS1651545279588,CN,CN8,8,1,0,SG,336,69,18.60107524
SS1651545279588,CN,CN8,9,1,0,SG,329,102,16.40121947
SS1651545279588,CN,CN8,10,1,0,SG,362,84,16.64331698
SS1651545279588,CN,CN8,11,1,0,SG,383,51,20.80865205
SS1651545279588,CN,CN8,12,1,0,SG,400,77,26.62705391
SS1651545285513,CN,CN9,1,1,1,SG,473,93,71.02112362
SS1651545285513,CN,CN9,2,1,0,SG,676,107,46.14108798
SS1651545357097,CN,CN10,1,1,1,SG,521,255,165.4690303
SS1651545357097,CN,CN10,2,1,0,SG,706,199,149.966663
SS1651545357097,CN,CN10,3,1,0,SG,287,168,109.2245394
SS1651545357097,CN,CN10,4,1,0,SG,322,395,101.5135459
SS1651545751233,CN,CN11,1,1,1,SG,489,272,83.25863319
SS1651545751233,CN,CN11,2,1,0,SG,226,275,41.18252056
SS1651545751233,CN,CN11,3,1,0,SG,255,412,46.81879964
SS1651545751233,CN,CN11,4,1,0,SG,701,306,34
SS1651545751233,CN,CN11,5,1,0,SG,344,183,33.61547263
SS1651545751233,CN,CN11,6,1,0,SG,683,167,32.75667871
SS1651546122639,CN,CN12,1,1,1,SG,411,221,44.59820624
SS1651546122639,CN,CN12,2,1,0,SG,687,137,43.41658669
SS1651546122639,CN,CN12,3,1,0,SG,126,89,42.04759208
SS1651546122639,CN,CN12,4,1,0,SG,438,459,43.27817002
SS1651546122639,CN,CN12,5,1,0,SG,181,362,40.85339643
SS1651546122639,CN,CN12,6,1,0,SG,728,293,40.31128874
SS1651546915326,CN,CN13,1,1,1,SG,368.9999701,149.9999979,69.11584478
SS1651546915326,CN,CN13,2,1,0,SG,237.0003931,379.0000062,87.7268488
SS1651546915326,CN,CN13,3,1,0,SG,591.0000684,196.0000011,90.82400564
SS1651546915326,CN,CN13,4,1,0,SG,345.0003845,582.000004,84.17244205
SS1651547162777,CN,CN14,1,1,1,SG,373,415,97.09788875
SS1651547162777,CN,CN14,2,1,0,SG,606,160,37.80211634
SS1651547162777,CN,CN14,3,1,0,SG,648,344,85
SS1651547162777,CN,CN14,4,1,0,SG,575,525,82.76472679
SS1651547162777,CN,CN14,5,1,0,SG,123,542,46.75467891
SS1651547162777,CN,CN14,6,1,0,SG,142,178,104.1009126
SS1651548143005,CN,CN15,1,1,1,SG,388,303,114.0219277
SS1651548143005,CN,CN15,2,1,0,SG,643,101,79.51100553
SS1651548143005,CN,CN15,3,1,0,SG,694,324,62.62587325
SS1651548143005,CN,CN15,4,1,0,SG,649,492,62.96824597
SS1651548143005,CN,CN15,5,1,0,SG,388,545,61.13100686
SS1651548143005,CN,CN15,6,1,0,SG,167,470,119.4068675
SS1651548143005,CN,CN15,7,1,0,SG,134,116,98.48857802
SS1651548143005,CN,CN15,8,1,0,SG,377,66,52.20153254
SS1651552362039,CN,CN16,1,0,0,SG,250,95,57.68882041
SS1651552362039,CN,CN16,2,0,0,SG,453,101,60.7289058
SS1651552362039,CN,CN16,3,0,0,SG,605,225,59.9082632
SS1651552362039,CN,CN16,4,0,0,SG,312,273,62.39390996
SS1651552795730,CN,CN17,1,1,1,SG,491,293,116.0430954
SS1651552795730,CN,CN17,2,1,0,SG,815,165,60.41522987
SS1651552795730,CN,CN17,3,1,0,SG,821,351,96.00520819
SS1651552795730,CN,CN17,4,1,0,SG,667,561,142.6779591
SS1651552795730,CN,CN17,5,1,0,SG,497,93,64.07027392
SS1651552795730,CN,CN17,6,1,0,SG,168,146,67.95586803
SS1651552795730,CN,CN17,7,1,0,SG,161,406,110.4536102
SS1651552837542,CN,CN18,1,0,0,SG,396,204,126.8227109
SS1651553474432,CN,CN19,1,1,1,SG,498,228,62.64982043
SS1651553474432,CN,CN19,2,1,0,SG,214,93,48.83646179
SS1651553474432,CN,CN19,3,1,0,SG,181,208,52.43090692
SS1651553474432,CN,CN19,4,1,0,SG,145,329,48.41487375
SS1651553474432,CN,CN19,5,1,0,SG,233,443,52.34500931
SS1651553474432,CN,CN19,6,1,0,SG,379,476,83.63013811
SS1651553474432,CN,CN19,7,1,0,SG,653,465,108.2450923
SS1651553474432,CN,CN19,8,1,0,SG,779,261,86.55634003
SS1651553474432,CN,CN19,9,1,0,SG,829,421,69.42621983
SS1651553474432,CN,CN19,10,1,0,SG,603,97,77.80102827
SS1651553913160,CN,CN20,1,1,1,SG,491,328,50.20956084
SS1651553913160,CN,CN20,2,1,0,SG,581,199,43.26661531
SS1651553913160,CN,CN20,3,1,0,SG,623,289,36.67424164
SS1651553913160,CN,CN20,4,1,0,SG,608,396,36.40054945
SS1651553913160,CN,CN20,5,1,0,SG,506,447,41.10960958
SS1651553913160,CN,CN20,6,1,0,SG,461,193,40.52159918
SS1651553913160,CN,CN20,7,1,0,SG,385,257,37.20215048
SS1651553913160,CN,CN20,8,1,0,SG,361,355,38.41874542
SS1651553913160,CN,CN20,9,1,0,SG,407,434,36.06937759
SS1651553969715,CN,CN21,1,1,1,SG,428,90,79.63039621
SS1651553969715,CN,CN21,2,1,0,SG,638,313,65.73431372
SS1651553969715,CN,CN21,3,1,0,SG,768,123,136.2350909
SS1651553969715,CN,CN21,4,1,0,SG,232,256,75.6439026
SS1651553969715,CN,CN21,5,1,0,SG,102,149,56.93856338
SS1651553969715,CN,CN21,6,1,0,SG,399,538,87.00574694
SS1651554145523,CN,CN22,1,1,1,SG,669,89,71.25307011
SS1651554145523,CN,CN22,2,1,0,SG,255,92,77.46612163
SS1651554145523,CN,CN22,3,1,0,SG,447,244,98.4073168
SS1651554145523,CN,CN22,4,1,0,SG,760,294,94.5409964
SS1651554184228,CN,CN23,1,1,1,SG,494,287,60.44005295
SS1651554184228,CN,CN23,2,1,0,SG,681,79,92.66067127
SS1651554184228,CN,CN23,3,1,0,SG,749,300,40.16217126
SS1651554284065,CN,CN24,1,1,1,SG,541,222,117.8812962
SS1651554284065,CN,CN24,2,1,0,SG,177,306,140.5844942
SS1651554284065,CN,CN24,3,1,0,SG,868,423,102.4597482
SS1651554809980,CN,CN25,1,1,1,SG,501,323,48.83646179
SS1651554809980,CN,CN25,2,1,0,SG,317,200,37.73592453
SS1651554809980,CN,CN25,3,1,0,SG,552,209,49.04079934
SS1651554809980,CN,CN25,4,1,0,SG,656,348,51.66236541
SS1651554809980,CN,CN25,5,1,0,SG,352,430,47.16990566
SS1651559729763,CN,CN26,1,1,1,SG,409,244,110.1453585
SS1651559729763,CN,CN26,2,1,0,SG,745,284,59.81638571
SS1651559729763,CN,CN26,3,1,0,SG,489,471,63.78087488
SS1651559729763,CN,CN26,4,1,0,SG,620,68,55.15432893
SS1651560025455,CN,CN27,1,1,1,SG,423,251,94.02127419
SS1651560025455,CN,CN27,2,1,0,SG,597,333,82.20097323
SS1651560025455,CN,CN27,3,1,0,SG,193,181,77.79460136
SS1651560025455,CN,CN27,4,1,0,SG,337,390,53.41348144
SS1651561685665,CN,CN28,1,1,0,SG,260,120,50.24937811
SS1651561685665,CN,CN28,2,1,0,SG,391,54,51.623638
SS1651561685665,CN,CN28,3,1,0,SG,502,73,47.04253395
SS1651561685665,CN,CN28,4,1,0,SG,622,123,45.09988914
SS1651561685665,CN,CN28,5,1,0,SG,715,239,50.69516742
SS1651561685665,CN,CN28,6,1,0,SG,658,386,53.15072906
SS1651561685665,CN,CN28,7,1,0,SG,484,468,53.60037313
SS1651561685665,CN,CN28,8,1,0,SG,189,256,61.18823416
SS1651561685665,CN,CN28,9,1,0,SG,203,367,53.41348144
SS1651561685665,CN,CN28,10,1,0,SG,333,478,54.67174773
SS1651561685665,CN,CN28,11,1,1,SG,440,276,82.80096618
SS1651562034956,CN,CN29,1,1,1,SG,305.9997992,223.9999981,226.1083811
SS1651562034956,CN,CN29,2,1,0,SG,714.0000769,296.9999992,106.8877916
SS1651562034956,CN,CN29,3,1,0,SG,551,484,81.83520025
SS1651562034956,CN,CN29,4,1,0,SG,202,538,90.97252332
SS1651562868228,CN,CN30,1,1,1,SG,493,362,76.6093989
SS1651562868228,CN,CN30,2,1,0,SG,495,109,76.15773106
SS1651562868228,CN,CN30,3,1,0,SG,791,365,76.83749085
SS1651562868228,CN,CN30,4,1,0,SG,225,197,44.68780594
SS1651562868228,CN,CN30,5,1,0,SG,173,302,45.607017
SS1651562868228,CN,CN30,6,1,0,SG,190,440,50.60632372
SS1651562868228,CN,CN30,7,1,0,SG,498,568,42.20189569
SS1651562868228,CN,CN30,8,1,0,SG,331,638,38.27531842
SS1651562868228,CN,CN30,9,1,0,SG,640,638,38.89730068
SS1651564260438,CN,CN31,1,1,0,SG,362,106,39.69886648
SS1651564260438,CN,CN31,2,1,1,SG,466,276,77.69813383
SS1651564260438,CN,CN31,3,1,0,SG,236,103,39.62322551
SS1651564260438,CN,CN31,4,1,0,SG,227,231,43.8634244
SS1651564260438,CN,CN31,5,1,0,SG,349,455,44.01136217
SS1651564260438,CN,CN31,6,1,0,SG,635,107,41.43669871
SS1651564260438,CN,CN31,7,1,0,SG,708,204,42.19004622
SS1651564308340,CN,CN32,1,1,0,SG,515,287,6.708203932
SS1651564308340,CN,CN32,2,1,1,SG,485,296,112.0580207
SS1651564308340,CN,CN32,3,1,0,SG,747,345,78.81624198
SS1651564308340,CN,CN32,4,1,0,SG,677,117,62.20128616
SS1651564308340,CN,CN32,5,1,0,SG,355,109,58.00862005
SS1651565828518,CN,CN33,1,0,0,SG,95,220,84.7584804
SS1651565828518,CN,CN33,2,0,0,SG,401,46,75.2861209
SS1651565828518,CN,CN33,3,0,0,SG,358,284,87.57282684
SS1651565828518,CN,CN33,4,0,0,SG,578,149,72.44998275
SS1651568252846,CN,CN34,1,1,1,SG,487,344,79.62411695
SS1651568252846,CN,CN34,2,1,0,SG,241,120,76.68767828
SS1651568382617,CN,CN35,1,1,0,SG,664,141,123.794184
SS1651568382617,CN,CN35,2,1,0,SG,659,519,118.1905242
SS1651568382617,CN,CN35,3,1,1,SG,187,341,189.6154002
SS1651568918829,CN,CN36,1,1,1,SG,431,297,62.48199741
SS1651568918829,CN,CN36,2,1,0,SG,627,106,48.91829923
SS1651568918829,CN,CN36,3,1,0,SG,735,367,43.84062043
SS1651568918829,CN,CN36,4,1,0,SG,558,541,50.44799302
SS1651568918829,CN,CN36,5,1,0,SG,887,171,48.27007354
SS1651570752111,CN,CN37,1,1,1,SG,383,281,127.1219887
SS1651570752111,CN,CN37,2,1,0,SG,654,118,74.04052944
SS1651570752111,CN,CN37,3,1,0,SG,671,314,69.85699679
SS1651570752111,CN,CN37,4,1,0,SG,586,540,96.93296653
SS1651570752111,CN,CN37,5,1,0,SG,148,427,76.02631123
SS1651571509239,CN,CN38,1,1,1,SG,367,190,116.2970335
SS1651571509239,CN,CN38,2,1,0,SG,746,136,112.4855546
SS1651571509239,CN,CN38,3,1,0,SG,610,373,131.2097557
SS1651572914976,CN,CN39,1,0,0,SG,553,244,138.1918956
SS1651576408487,CN,CN40,1,1,1,SG,338,110,95.90099061
SS1651576408487,CN,CN40,2,1,0,SG,515,211,51.41984053
SS1651576408487,CN,CN40,3,1,0,SG,511,91,47.01063709
SS1651576408487,CN,CN40,4,1,0,SG,312,273,55.54277631
SS1651576408487,CN,CN40,5,1,0,SG,674,279,46.40043103
SS1651576408487,CN,CN40,6,1,0,SG,710,193,40.79215611
SS1651576408487,CN,CN40,7,1,0,SG,106,92,67.26812024
SS1651576408487,CN,CN40,8,1,0,SG,108,237,66.85057965
SS1651576408487,CN,CN40,9,1,0,SG,454,321,55.6596802
SS1651578940027,CN,CN41,1,1,1,SG,177,103,49.64876635
SS1651578940027,CN,CN41,2,1,0,SG,107,270,52.80151513
SS1651578940027,CN,CN41,3,1,0,SG,365,304,60.74537019
SS1651578940027,CN,CN41,4,1,0,SG,545,131,61.05735009
SS1651578940027,CN,CN41,5,1,0,SG,602,333,71.58910532
SS1651578940027,CN,CN41,6,1,0,SG,193,491,61.22091146
SS1651579399729,CN,CN42,1,1,1,SG,390,270,60.10823571
SS1651579399729,CN,CN42,2,1,0,SG,569,221,33.60059523
SS1651579399729,CN,CN42,3,1,0,SG,260,262,59.07622195
SS1651579399729,CN,CN42,4,1,0,SG,597,306,33.01514804
SS1651579399729,CN,CN42,5,1,0,SG,674,393,22
SS1651579399729,CN,CN42,6,1,0,SG,419,403,40
SS1651579399729,CN,CN42,7,1,0,SG,684,506,11.66190379
SS1651579399729,CN,CN42,8,1,0,SG,478,133,52.47856705
SS1651582669897,CN,CN43,1,1,1,SG,502,351,73.1641989
SS1651582669897,CN,CN43,2,1,0,SG,214,221,44.77722635
SS1651582669897,CN,CN43,3,1,0,SG,327,122,40.80441153
SS1651582669897,CN,CN43,4,1,0,SG,488,71,42.63801121
SS1651582669897,CN,CN43,5,1,0,SG,743,505,47.42362281
SS1651590333066,CN,CN44,1,1,1,SG,449,311,92.17917335
SS1651590333066,CN,CN44,2,1,0,SG,117,60,46.75467891
SS1651590333066,CN,CN44,3,1,0,SG,228,138,43.829214
SS1651590333066,CN,CN44,4,1,0,SG,148,403,83.77350416
SS1651590333066,CN,CN44,5,1,0,SG,386,570,81.74350127
SS1651590333066,CN,CN44,6,1,0,SG,656,479,88.39117603
SS1651590333066,CN,CN44,7,1,0,SG,693,145,92.19544457
SS1651620046254,CN,CN45,1,1,1,SG,427,272,110.4355015
SS1651620046254,CN,CN45,2,1,0,SG,633,91,54.67174773
SS1651620046254,CN,CN45,3,1,0,SG,701,282,71.50524456
SS1651620046254,CN,CN45,4,1,0,SG,607,481,76.36753237
SS1651620046254,CN,CN45,5,1,0,SG,304,508,72.24956747
SS1651620046254,CN,CN45,6,1,0,SG,170,279,72.23572523
SS1651620046254,CN,CN45,7,1,0,SG,322,69,62.68173578
SS1651623308643,CN,CN46,1,1,1,SG,440,210,111.2115102
SS1651623308643,CN,CN46,2,1,0,SG,641,61,50.60632372
SS1651623308643,CN,CN46,3,1,0,SG,630,201,55.47071299
SS1651623308643,CN,CN46,4,1,0,SG,84,70,50.93132631
SS1651623308643,CN,CN46,5,1,0,SG,261,306,58.13776741
SS1651623308643,CN,CN46,6,1,0,SG,415,363,34.4818793
SS1651623308643,CN,CN46,7,1,0,SG,512,347,39.66106403
SS1651623308643,CN,CN46,8,1,0,SG,237,97,55.15432893
SS1651623308643,CN,CN46,9,1,0,SG,423,28,48.83646179
SS1651623308643,CN,CN46,10,1,0,SG,629,346,58.79625838
SS1651625504097,CN,CN47,1,1,1,SG,448,360,102.5329215
SS1651625504097,CN,CN47,2,1,0,SG,456,95,60.30754513
SS1651625504097,CN,CN47,3,1,0,SG,692,283,58.89821729
SS1651625504097,CN,CN47,4,1,0,SG,628,574,59.46427499
SS1651625504097,CN,CN47,5,1,0,SG,307,568,56.40035461
SS1651625504097,CN,CN47,6,1,0,SG,189,291,57.31491952
SS1651629675682,CN,CN48,1,1,1,SG,363,93,52.55473337
SS1651629675682,CN,CN48,2,1,0,SG,562,43,28.8444102
SS1651629675682,CN,CN48,3,1,0,SG,558,119,27.65863337
SS1651629675682,CN,CN48,4,1,0,SG,506,195,32.24903099
SS1651629675682,CN,CN48,5,1,0,SG,377,207,33.12099032
SS1651629675682,CN,CN48,6,1,0,SG,217,229,30.52867504
SS1651629675682,CN,CN48,7,1,0,SG,198,81,39.69886648
SS1651631038398,CN,CN49,1,1,1,SG,420,349,99.14131329
SS1651631038398,CN,CN49,2,1,0,SG,313,117,83.67795409
SS1651631038398,CN,CN49,3,1,0,SG,622,191,97.65244493
SS1651631374290,CN,CN50,1,1,1,SG,175,155,50.28916384
SS1651631374290,CN,CN50,2,1,0,SG,376,139,44.55333882
SS1651632269384,CN,CN51,1,1,1,SG,485,275,123.0690863
SS1651632269384,CN,CN51,2,1,0,SG,753,159,78.10249676
SS1651632269384,CN,CN51,3,1,0,SG,774,475,62.29767251
SS1651632269384,CN,CN51,4,1,0,SG,404,539,81.27115109
SS1651632269384,CN,CN51,5,1,0,SG,185,297,82.73451517
SS1651633449820,CN,CN52,1,1,0,SG,313,-71,5.830951895
SS1651633449820,CN,CN52,2,1,0,SG,748,292,72.47068373
SS1651633449820,CN,CN52,3,1,0,SG,689,92,65.36818798
SS1651633449820,CN,CN52,4,1,1,SG,469,313,107.2007463
SS1651634088254,CN,CN53,1,1,1,SG,423,349,38.58756276
SS1651634088254,CN,CN53,2,1,0,SG,182,180,43.829214
SS1651634088254,CN,CN53,3,1,0,SG,632,125,55.47071299
SS1651634088254,CN,CN53,4,1,0,SG,148,462,35
SS1651634088254,CN,CN53,5,1,0,SG,745,477,54.3783045
SS1651634088254,CN,CN53,6,1,0,SG,762,246,36.87817783
SS1651634088254,CN,CN53,7,1,0,SG,378,540,32.64965543
SS1651634088254,CN,CN53,8,1,0,SG,576,572,42.20189569
SS1651634088254,CN,CN53,9,1,0,SG,48,292,41.86884283
SS1651634088254,CN,CN53,10,1,0,SG,251,54,41.40048309
SS1651634088254,CN,CN53,11,1,0,SG,151,628,34.71310992
SS1651634616537,CN,CN54,1,1,1,SG,437,225,38.27531842
SS1651634616537,CN,CN54,2,1,0,SG,519,109,31.06444913
SS1651634616537,CN,CN54,3,1,0,SG,557,201,29.52964612
SS1651634616537,CN,CN54,4,1,0,SG,535,311,33.28663395
SS1651634616537,CN,CN54,5,1,0,SG,415,324,29.73213749
SS1651634616537,CN,CN54,6,1,0,SG,375,77,26.40075756
SS1651634616537,CN,CN54,7,1,0,SG,301,143,28.31960452
SS1651634616537,CN,CN54,8,1,0,SG,307,248,25.23885893
SS1651634772197,CN,CN55,1,1,1,SG,409,303,109.1100362
SS1651634772197,CN,CN55,2,1,0,SG,696,161,161.993827
SS1651634772197,CN,CN55,3,1,0,SG,697,432,60.20797289
SS1651636059839,CN,CN56,1,1,1,SG,378,309,138.5388032
SS1651636059839,CN,CN56,2,1,0,SG,637,141,55.22680509
SS1651636059839,CN,CN56,3,1,0,SG,677,331,67.44627492
SS1651636059839,CN,CN56,4,1,0,SG,664,465,63.00793601
SS1651637972613,CN,CN57,1,1,0,SG,282,156,83.81527307
SS1651637972613,CN,CN57,2,1,0,SG,631,162,74.96665926
SS1651637972613,CN,CN57,3,1,1,SG,483,440,224.8488381
SS1651642739005,CN,CN58,1,1,0,SG,338,251,40.24922359
SS1651642739005,CN,CN58,2,1,1,SG,449,67,60.5309838
SS1651642739005,CN,CN58,3,1,0,SG,446,247,44.20407221
SS1651642739005,CN,CN58,4,1,0,SG,567,250,41.72529209
SS1651644576691,CN,CN59,1,0,0,SG,303,207,147.0918081
SS1651645903803,CN,CN60,1,0,0,SG,264,218,117.9025021
SS1651648364635,CN,CN61,1,1,1,SG,189,144,69.83552105
SS1651648364635,CN,CN61,2,1,0,SG,297,70.99994032,23.32380758
SS1651648364635,CN,CN61,3,1,0,SG,150,213.9999944,68.87670143
SS1651648364635,CN,CN61,4,1,0,SG,308,143,22.8035085
SS1651649525276,CN,CN62,1,0,0,SG,223,147,73
SS1651649525276,CN,CN62,2,0,0,SG,150,366,74.88658091
SS1651649525276,CN,CN62,3,0,0,SG,255,492,74.24957912
SS1651649525276,CN,CN62,4,0,0,SG,417,67,76.21679605
SS1651649525276,CN,CN62,5,0,0,SG,734,230,76.15773106
SS1651649525276,CN,CN62,6,0,0,SG,596,75,70.76722405
SS1651649525276,CN,CN62,7,0,0,SG,599,529,70.9365914
SS1651649525276,CN,CN62,8,0,0,SG,715,397,77.79460136
SS1651649525276,CN,CN62,9,0,0,SG,351,265,74.95331881
SS1651649525276,CN,CN62,10,0,0,SG,500,274,70.76722405
SS1651649525276,CN,CN62,11,0,0,SG,423,429,75.21303079
SS1651649525276,CN,CN62,12,0,0,SG,376,618,74.79304781
SS1651649525276,CN,CN62,13,0,0,SG,765,594,71.28113355
SS1651649525276,CN,CN62,14,0,0,SG,887,421,70.23531875
SS1651649525276,CN,CN62,15,0,0,SG,891,208,73.24616031
SS1651649525276,CN,CN62,16,0,0,SG,786,75,69.35416354
SS1651649525276,CN,CN62,17,0,0,SG,83,217,72.20110802
SS1651649525276,CN,CN62,18,0,0,SG,118,608,72.13875519
SS1651649525276,CN,CN62,19,0,0,SG,70,47,65.94694838
SS1651652206023,CN,CN63,1,1,1,SG,475,140,159.8311609
SS1651652206023,CN,CN63,2,1,0,SG,152,359,120.1041215
SS1651652206023,CN,CN63,3,1,0,SG,443,436,102.4158191
SS1651652206023,CN,CN63,4,1,0,SG,665,427,51.54609588
SS1651652206023,CN,CN63,5,1,0,SG,811,121,118.7013058
SS1651652979760,CN,CN64,1,1,1,SG,282,270,65.27633568
SS1651652979760,CN,CN64,2,1,0,SG,517,143,65.80273551
SS1651652979760,CN,CN64,3,1,0,SG,503,332,63.07138812
SS1651652979760,CN,CN64,4,1,0,SG,498,467,65.60487787
SS1651652979760,CN,CN64,5,1,0,SG,316,597,63.41135545
SS1651652979760,CN,CN64,6,1,0,SG,112,456,65.73431372
SS1651652979760,CN,CN64,7,1,0,SG,138,130,44.92215489
SS1651654468673,CN,CN65,1,1,0,SG,116,142,106.6677083
SS1651654468673,CN,CN65,2,1,1,SG,324,92,67.62396025
SS1651654468673,CN,CN65,3,1,0,SG,280,297,74.06078585
SS1651654468673,CN,CN65,4,1,0,SG,79,340,66.12866247
SS1651654992618,CN,CN66,1,1,1,SG,289,102,63.00793601
SS1651654992618,CN,CN66,2,1,0,SG,717,64,120.2414238
SS1651654992618,CN,CN66,3,1,0,SG,198,468,82.75868534
SS1651655612985,CN,CN67,1,1,1,SG,518,407,227.4071239
SS1651655612985,CN,CN67,2,1,0,SG,55,110,62.17716623
SS1651660777144,CN,CN68,1,1,1,SG,239,240,162.3483908
SS1651660777144,CN,CN68,2,1,0,SG,689,175,56.0357029
SS1651660777144,CN,CN68,3,1,0,SG,602,375,90.13878189
SS1651661370426,CN,CN69,1,1,1,SG,618,123,42.52058325
SS1651661370426,CN,CN69,2,1,0,SG,638,247,43.829214
SS1651661370426,CN,CN69,3,1,0,SG,618,345,41.34005322
SS1651661370426,CN,CN69,4,1,0,SG,506,422,39.11521443
SS1651661370426,CN,CN69,5,1,0,SG,374,408,50.7740091
SS1651661370426,CN,CN69,6,1,0,SG,214,300,61.61980201
SS1651661370426,CN,CN69,7,1,0,SG,169,155,67.41661516
SS1651661370426,CN,CN69,8,1,0,SG,337,72,48.60041152
SS1651661370426,CN,CN69,9,1,0,SG,471,75,57.98275606
SS1651661370426,CN,CN69,10,1,0,SG,456,265,57.07889277
SS1651662575870,CN,CN70,1,1,1,SG,502,119,79.906195
SS1651662575870,CN,CN70,2,1,0,SG,641,232,69.4046108
SS1651662575870,CN,CN70,3,1,0,SG,324,247,14.4222051
SS1651662575870,CN,CN70,4,1,0,SG,266,110,71.50524456
SS1651663394470,CN,CN71,1,1,0,SG,107,163,72.83543094
SS1651663394470,CN,CN71,2,1,1,SG,447,287,86.2670273
SS1651663394470,CN,CN71,3,1,0,SG,436,144,6.08276253
SS1651663394470,CN,CN71,4,1,0,SG,768,179,78.87331615
SS1651663394470,CN,CN71,5,1,0,SG,137,411,79.40403012
SS1651663394470,CN,CN71,6,1,0,SG,710,427,87.46427842
SS1651664105704,CN,CN72,1,1,1,SG,449,299,69.35416354
SS1651664105704,CN,CN72,2,1,0,SG,242,157,41.23105626
SS1651664105704,CN,CN72,3,1,0,SG,400,124,36.23534186
SS1651664105704,CN,CN72,4,1,0,SG,553,124,52.95280918
SS1651664105704,CN,CN72,5,1,0,SG,612,226,28.44292531
SS1651664105704,CN,CN72,6,1,0,SG,635,342,47.04253395
SS1651664105704,CN,CN72,7,1,0,SG,516,467,53.41348144
SS1651665034176,CN,CN73,1,1,1,SG,308,181,53.03772242
SS1651665034176,CN,CN73,2,1,0,SG,547,166,60.30754513
SS1651665034176,CN,CN73,3,1,0,SG,236,281,39.05124838
SS1651665034176,CN,CN73,4,1,0,SG,322,351,53.66563146
SS1651665034176,CN,CN73,5,1,0,SG,617,277,49.81967483
SS1651665034176,CN,CN73,6,1,0,SG,331,32,20
SS1651665034176,CN,CN73,7,1,0,SG,480,381,42.05948169
SS1651665034176,CN,CN73,8,1,0,SG,328,452,43.18564576
SS1651666650135,CN,CN74,1,1,1,SG,482,282,49.24428901
SS1651666650135,CN,CN74,2,1,0,SG,511,89,33.24154028
SS1651666650135,CN,CN74,3,1,0,SG,622,170,34.66987165
SS1651666650135,CN,CN74,4,1,0,SG,374,111,36.67424164
SS1651666650135,CN,CN74,5,1,0,SG,291,222,44.68780594
SS1651666650135,CN,CN74,6,1,0,SG,334,354,44.94441011
SS1651666650135,CN,CN74,7,1,0,SG,554,405,44.55333882
SS1651666650135,CN,CN74,8,1,0,SG,654,300,34.92849839
SS1651669607417,CN,CN75,1,1,1,SG,405,142,69.3108938
SS1651669607417,CN,CN75,2,1,0,SG,601,107,109.2016483
SS1651669607417,CN,CN75,3,1,0,SG,529,259,58.25804665
SS1651669607417,CN,CN75,4,1,0,SG,348,257,42.44997055
SS1651669607417,CN,CN75,5,1,0,SG,211,89,67.35725648
SS1651669607417,CN,CN75,6,1,0,SG,198,243,63.81222453
SS1651669607417,CN,CN75,7,1,0,SG,413,347,49.81967483
SS1651669856701,CN,CN76,1,1,0,SG,130,292,21.9317122
SS1651669856701,CN,CN76,2,1,0,SG,138,200,29.41088234
SS1651669856701,CN,CN76,3,1,0,SG,77,239,20.61552813
SS1651669856701,CN,CN76,4,1,0,SG,185,246,12.04159458
SS1651669856701,CN,CN76,5,1,0,SG,403,185,15.26433752
SS1651669856701,CN,CN76,6,1,0,SG,418,208,14.86606875
SS1651669856701,CN,CN76,7,1,0,SG,447,201,12.64911064
SS1651669856701,CN,CN76,8,1,0,SG,438,146,17.80449381
SS1651669856701,CN,CN76,9,1,0,SG,455,240,13.34166406
SS1651669856701,CN,CN76,10,1,0,SG,503,225,16.55294536
SS1651669856701,CN,CN76,11,1,0,SG,334,337,18.43908891
SS1651669856701,CN,CN76,12,1,0,SG,232,376,23.40939982
SS1651669856701,CN,CN76,13,1,0,SG,278,384,11.18033989
SS1651669856701,CN,CN76,14,1,0,SG,522,420,110.8016245
SS1651669856701,CN,CN76,15,1,0,SG,743,128,179.6273921
SS1651669856701,CN,CN76,16,1,1,SG,188,303,16.40121947
SS1651669856701,CN,CN76,17,1,0,SG,276,220,20.02498439
SS1651669856701,CN,CN76,18,1,0,SG,284,273,17.69180601
SS1651669856701,CN,CN76,19,1,0,SG,303,281,14
SS1651669856701,CN,CN76,20,1,0,SG,364,170,17.02938637
SS1651672824225,CN,CN77,1,1,1,SG,368,130,53.85164807
SS1651672824225,CN,CN77,2,1,0,SG,552,103,29
SS1651672824225,CN,CN77,3,1,0,SG,144,200,31.04834939
SS1651672824225,CN,CN77,4,1,0,SG,256,270,31.78049716
SS1651672824225,CN,CN77,5,1,0,SG,717,553,53.00943312
SS1651672824225,CN,CN77,6,1,0,SG,335,370,32
SS1651672824225,CN,CN77,7,1,0,SG,494,234,38.27531842
SS1651672824225,CN,CN77,8,1,0,SG,418,284,34.88552709
SS1651674999028,CN,CN78,1,1,0,SG,435,38,50.32891813
SS1651674999028,CN,CN78,2,1,0,SG,222,193,51.85556865
SS1651674999028,CN,CN78,3,1,1,SG,522,201,77.15568676
SS1651674999028,CN,CN78,4,1,0,SG,330,342,62.62587325
SS1651674999028,CN,CN78,5,1,0,SG,762,242,68.8839604
SS1651675575564,CN,CN79,1,1,1,SG,480,248,100.4987562
SS1651675575564,CN,CN79,2,1,0,SG,648,142,67.17886572
SS1651675575564,CN,CN79,3,1,0,SG,640,307,47.80167361
SS1651675575564,CN,CN79,4,1,0,SG,584,397,52.35456045
SS1651675575564,CN,CN79,5,1,0,SG,410,76,54
SS1651675575564,CN,CN79,6,1,0,SG,282,202,76.6093989
SS1651675575564,CN,CN79,7,1,0,SG,297,299,66
SS1651675575564,CN,CN79,8,1,0,SG,395,421,67.18630813
SS1651675739437,CN,CN80,1,1,1,SG,257,203,133.9589489
SS1651675739437,CN,CN80,2,1,0,SG,512,46,31.40063694
SS1651675739437,CN,CN80,3,1,0,SG,514,248,33.24154028
SS1651675739437,CN,CN80,4,1,0,SG,513,353,31.144823
SS1651675739437,CN,CN80,5,1,0,SG,513,146,30.41381265
SS1651675739437,CN,CN80,6,1,0,SG,381,370,27.29468813
SS1651675739437,CN,CN80,7,1,0,SG,296,393,24.59674775
SS1651675739437,CN,CN80,8,1,0,SG,208,386,29.06888371
SS1651682617757,CN,CN81,1,1,1,SG,459,301,64.77653896
SS1651682617757,CN,CN81,2,1,0,SG,560,166,33.61547263
SS1651682617757,CN,CN81,3,1,0,SG,608,265,51.92301994
SS1651682617757,CN,CN81,4,1,0,SG,598,390,35.60898763
SS1651682617757,CN,CN81,5,1,0,SG,418,456,30.47950131
SS1651682617757,CN,CN81,6,1,0,SG,220,321,36.61966685
SS1651682617757,CN,CN81,7,1,0,SG,288,158,33.54101966
SS1651705155608,CN,CN82,1,1,1,SG,492,314,82.66196223
SS1651705155608,CN,CN82,2,1,0,SG,95,97,83.52843827
SS1651705155608,CN,CN82,3,1,0,SG,354,88,77.83315489
SS1651705155608,CN,CN82,4,1,0,SG,650,114,87.23531395
SS1651705155608,CN,CN82,5,1,0,SG,879,179,88.09086218
SS1651705155608,CN,CN82,6,1,0,SG,829,418,104.019229
SS1651705155608,CN,CN82,7,1,0,SG,566,580,112.1605991
SS1651705155608,CN,CN82,8,1,0,SG,276,557,108.8944443
SS1651705155608,CN,CN82,9,1,0,SG,115,299,100.895986
SS1651713128281,CN,CN83,1,1,1,SG,450,297,31.144823
SS1651713128281,CN,CN83,2,1,0,SG,519,184,31.38470965
SS1651713128281,CN,CN83,3,1,0,SG,607,245,29.52964612
SS1651713128281,CN,CN83,4,1,0,SG,563,381,30.47950131
SS1651713128281,CN,CN83,5,1,0,SG,282,304,30.88689042
SS1651713128281,CN,CN83,6,1,0,SG,330,160,31.144823
SS1651713128281,CN,CN83,7,1,0,SG,348,448,31.6227766
SS1651721379726,CN,CN84,1,1,1,SG,425,343.8000183,86.092973
SS1651721379726,CN,CN84,2,1,0,SG,590,171,88.32326987
SS1651721379726,CN,CN84,3,1,0,SG,166,473,71.80529228
SS1651724542208,CN,CN85,1,1,1,SG,307,139,101.9509686
SS1651724542208,CN,CN85,2,1,0,SG,205,301,37.69615365
SS1651724542208,CN,CN85,3,1,0,SG,461,95,28.28427125
SS1651724542208,CN,CN85,4,1,0,SG,477,187,13.89244399
SS1651724542208,CN,CN85,5,1,0,SG,360,288,13.45362405
SS1651724542208,CN,CN85,6,1,0,SG,481,428,79.92496481
SS1651724542208,CN,CN85,7,1,0,SG,680,210,104.890419
SS1651726203467,CN,CN86,1,1,0,SG,155,383,90.47651629
SS1651726203467,CN,CN86,2,1,0,SG,794,390,102.1763182
SS1651726203467,CN,CN86,3,1,1,SG,512,556,109.8362417
SS1651726203467,CN,CN86,4,1,0,SG,510,183,128.0039062
SS1651727116955,CN,CN87,1,1,1,SG,257,119,50.21951812
SS1651727116955,CN,CN87,2,1,0,SG,505,62,36.05551275
SS1651727116955,CN,CN87,3,1,0,SG,393,200,36.05551275
SS1651727116955,CN,CN87,4,1,0,SG,77,180,45.88027899
SS1651727116955,CN,CN87,5,1,0,SG,61,66,52.15361924
SS1651727696486,CN,CN88,1,1,1,SG,461,297,29.15475947
SS1651727696486,CN,CN88,2,1,0,SG,286,197,32.01562119
SS1651727696486,CN,CN88,3,1,0,SG,540,169,34.20526275
SS1651727696486,CN,CN88,4,1,0,SG,622,284,38.01315562
SS1651728177417,CN,CN89,1,1,1,SG,363,169,33.12099032
SS1651728177417,CN,CN89,2,1,0,SG,435,81,31.6227766
SS1651728177417,CN,CN89,3,1,0,SG,565,83,33.42154993
SS1651728177417,CN,CN89,4,1,0,SG,504,175,31.144823
SS1651728177417,CN,CN89,5,1,0,SG,238,252,32.01562119
SS1651728177417,CN,CN89,6,1,0,SG,305,330,29.41088234
SS1651728177417,CN,CN89,7,1,0,SG,433,301,34.71310992
SS1651728177417,CN,CN89,8,1,0,SG,539,264,33.30165161
SS1651729682124,CN,CN90,1,1,1,SG,452,105,48.3011387
SS1651729682124,CN,CN90,2,1,0,SG,237,298,49.92995093
SS1651729682124,CN,CN90,3,1,0,SG,483,490,51.89412298
SS1651729682124,CN,CN90,4,1,0,SG,188,117,49.72926704
SS1651729682124,CN,CN90,5,1,0,SG,751,270,48.27007354
SS1651729792731,CN,CN91,1,1,1,SG,485,92,50.32891813
SS1651729792731,CN,CN91,2,1,0,SG,778,355,41.23105626
SS1651729792731,CN,CN91,3,1,0,SG,270,260,35.38361203
SS1651729792731,CN,CN91,4,1,0,SG,235,403,38.18376618
SS1651729792731,CN,CN91,5,1,0,SG,402,423,34.13209633
SS1651729792731,CN,CN91,6,1,0,SG,549,487,37.80211634
SS1651729792731,CN,CN91,7,1,0,SG,81,195,38.28837944
SS1651731235827,CN,CN92,1,1,1,SG,413,79,50.7740091
SS1651731235827,CN,CN92,2,1,0,SG,304,135,15
SS1651732296508,CN,CN93,1,1,0,SG,600,175,177.8594951
SS1651732296508,CN,CN93,2,1,0,SG,444,465,149.4824404
SS1651732296508,CN,CN93,3,1,0,SG,765,539,162.3884232
SS1651732296508,CN,CN93,4,1,1,SG,261,154,145.0413734
SS1651734446265,CN,CN94,1,1,1,SG,478,317,67.74215822
SS1651734446265,CN,CN94,2,1,0,SG,660,204,59.77457654
SS1651734446265,CN,CN94,3,1,0,SG,351,517,66.64082833
SS1651734446265,CN,CN94,4,1,0,SG,247,293,66.64082833
SS1651734446265,CN,CN94,5,1,0,SG,683,506,54.40588203
SS1651734446265,CN,CN94,6,1,0,SG,423,100,57.45432969
SS1651737005457,CN,CN95,1,1,1,SG,426,279,65.60487787
SS1651737005457,CN,CN95,2,1,0,SG,145,279,47.20169488
SS1651737005457,CN,CN95,3,1,0,SG,207,428,52.83937925
SS1651737005457,CN,CN95,4,1,0,SG,371,512,42.20189569
SS1651737005457,CN,CN95,5,1,0,SG,164,136,41.59326869
SS1651737005457,CN,CN95,6,1,0,SG,258,91,38.07886553
SS1651737005457,CN,CN95,7,1,0,SG,390,86,43.93176527
SS1651737005457,CN,CN95,8,1,0,SG,487,89,46.27094121
SS1651737005457,CN,CN95,9,1,0,SG,651,242,58.52349955
SS1651737005457,CN,CN95,10,1,0,SG,585,117,51.03920062
SS1651737005457,CN,CN95,11,1,0,SG,623,353,44.55333882
SS1651737005457,CN,CN95,12,1,0,SG,576,437,40.31128874
SS1651737005457,CN,CN95,13,1,0,SG,477,509,44.41846463
SS1651739183035,CN,CN96,1,1,1,SG,463,337,116.7775663
SS1651739183035,CN,CN96,2,1,0,SG,209,188,56.43580424
SS1651739183035,CN,CN96,3,1,0,SG,204,498,86.97700846
SS1651739183035,CN,CN96,4,1,0,SG,725,176,53.25410782
SS1651739183035,CN,CN96,5,1,0,SG,481,75,52.69724851
SS1651742060593,CN,CN97,1,1,1,SG,479,223,88.45903006
SS1651742060593,CN,CN97,2,1,0,SG,339,57,51.73973328
SS1651742060593,CN,CN97,3,1,0,SG,624,59,55.22680509
SS1651742060593,CN,CN97,4,1,0,SG,647,270,55.47071299
SS1651742060593,CN,CN97,5,1,0,SG,399,386,60
SS1651743246534,CN,CN98,1,1,1,SG,273,181,83.00602388
SS1651743246534,CN,CN98,2,1,0,SG,622,152,83.74365648
SS1651743246534,CN,CN98,3,1,0,SG,62,364,67.18630813
SS1651743246534,CN,CN98,4,1,0,SG,96,72,67.88225099
SS1651743246534,CN,CN98,5,1,0,SG,281,377,57.00877125
SS1651743246534,CN,CN98,6,1,0,SG,484,347,70.03570518
SS1651744829480,CN,CN99,1,1,1,SG,431,360,155.8717421
SS1651744829480,CN,CN99,2,1,0,SG,757,153,90.62008607
SS1651744829480,CN,CN99,3,1,0,SG,803,406,104.4030651
SS1651744829480,CN,CN99,4,1,0,SG,632,566,66.85057965
SS1651744829480,CN,CN99,5,1,0,SG,540,80,62.36986452
SS1651744829480,CN,CN99,6,1,0,SG,408,95,43.27817002
SS1651744829480,CN,CN99,7,1,0,SG,283,173,29
SS1651744829480,CN,CN99,8,1,0,SG,216,230,33.9411255
SS1651744829480,CN,CN99,9,1,0,SG,201,363,26.17250466
SS1651747335475,CN,CN100,1,1,1,SG,398,138,47.70744177
SS1651747335475,CN,CN100,2,1,0,SG,144,143,38.28837944
SS1651747335475,CN,CN100,3,1,0,SG,133,233,37.44329045
SS1651747335475,CN,CN100,4,1,0,SG,598,123,28.16025568
SS1651747335475,CN,CN100,5,1,0,SG,453,39,25.61249695
SS1651747335475,CN,CN100,6,1,0,SG,526,32,28.60069929
SS1651747335475,CN,CN100,7,1,0,SG,389,225,24.75883681
SS1651747335475,CN,CN100,8,1,0,SG,565,176,30.8058436
SS1651747335475,CN,CN100,9,1,0,SG,475,218,31.89043744
SS1651747335475,CN,CN100,10,1,0,SG,377,41,24.75883681
SS1651747335475,CN,CN100,11,1,0,SG,293,81,40
SS1651748703908,CN,CN101,1,1,1,SG,475,236,57.98275606
SS1651748703908,CN,CN101,2,1,0,SG,469,84,49.64876635
SS1651748703908,CN,CN101,3,1,0,SG,555,147,32.01562119
SS1651748703908,CN,CN101,4,1,0,SG,244,329,54.40588203
SS1651748703908,CN,CN101,5,1,0,SG,177,131,47.01063709
SS1651748703908,CN,CN101,6,1,0,SG,418,391,48.91829923
SS1651748703908,CN,CN101,7,1,0,SG,554,360,48.87739764
SS1651748703908,CN,CN101,8,1,0,SG,716,225,47.50789408
SS1651748703908,CN,CN101,9,1,0,SG,328,68,45.17742799
SS1651751338853,CN,CN102,1,1,1,SG,489,337,67.89698079
SS1651751338853,CN,CN102,2,1,0,SG,365,198,49.16299421
SS1651751338853,CN,CN102,3,1,0,SG,515,158,51.4781507
SS1651751338853,CN,CN102,4,1,0,SG,651,224,54.14794548
SS1651751338853,CN,CN102,5,1,0,SG,655,387,52.77309921
SS1651751338853,CN,CN102,6,1,0,SG,540,487,48.25971405
SS1651751338853,CN,CN102,7,1,0,SG,367,465,55.75840744
SS1651751338853,CN,CN102,8,1,0,SG,317,335,54.12947441
SS1651751579584,CN,CN103,1,1,1,SG,309,116,67.95586803
SS1651751579584,CN,CN103,2,1,0,SG,455,277,59.40538696
SS1651751579584,CN,CN103,3,1,0,SG,315,368,68.65857558
SS1651751579584,CN,CN103,4,1,0,SG,119,429,76.4852927
SS1651751579584,CN,CN103,5,1,0,SG,642,251,59.46427499
SS1651751579584,CN,CN103,6,1,0,SG,797,284,75.47184906
SS1651751579584,CN,CN103,7,1,0,SG,481,471,76.57675888
SS1651761786814,CN,CN104,1,1,1,SG,201,279,88.52683209
SS1651761786814,CN,CN104,2,1,0,SG,560,184,69.85699679
SS1651761786814,CN,CN104,3,1,0,SG,529,389,36.79673899
SS1651761786814,CN,CN104,4,1,0,SG,478,563,93.9840412
SS1651762141455,CN,CN105,1,1,1,SG,490,388,59.54829972
SS1651762141455,CN,CN105,2,1,0,SG,219,268,56.85068161
SS1651762141455,CN,CN105,3,1,0,SG,484,146,51.66236541
SS1651762141455,CN,CN105,4,1,0,SG,683,302,45.607017
SS1651762141455,CN,CN105,5,1,0,SG,667,133,50.7740091
SS1651762141455,CN,CN105,6,1,0,SG,380,571,61.29437168
SS1651763037034,CN,CN106,1,1,1,SG,268,298,150.029997
SS1651763037034,CN,CN106,2,1,0,SG,670,133,102.2154587
SS1651763037034,CN,CN106,3,1,0,SG,700,479,136.8247054
SS1651764193629,CN,CN107,1,1,1,SG,168,171,156.6780138
SS1651764193629,CN,CN107,2,1,0,SG,659,241,102.6109156
SS1651764193629,CN,CN107,3,1,0,SG,468,463,144.4991349
SS1651764193629,CN,CN107,4,1,0,SG,154,525,103.0776406
SS1651765169248,CN,CN108,1,1,1,SG,495,56,59.54829972
SS1651765169248,CN,CN108,2,1,0,SG,310,207,53
SS1651765169248,CN,CN108,3,1,0,SG,620,205,55.31726674
SS1651765169248,CN,CN108,4,1,0,SG,476,232,48.41487375
SS1651765894743,CN,CN109,1,1,1,SG,210,279,113.0044247
SS1651765894743,CN,CN109,2,1,0,SG,527,144,86.37129153
SS1651765894743,CN,CN109,3,1,0,SG,486,443,71.02112362
SS1651765894743,CN,CN109,4,1,0,SG,705,312,92.19544457
SS1651765911820,CN,CN110,1,1,1,SG,155,265,158.9276565
SS1651765911820,CN,CN110,2,1,0,SG,390,534,148.4082208
SS1651765911820,CN,CN110,3,1,0,SG,541,208,142.3024947
SS1651767555827,CN,CN111,1,1,0,SG,514,260,70.83784299
SS1651767555827,CN,CN111,2,1,1,SG,163,95,72.9451849
SS1651767555827,CN,CN111,3,1,0,SG,518,85,67.42403132
SS1651769304707,CN,CN112,1,1,1,SG,178,330,51.66236541
SS1651769304707,CN,CN112,2,1,0,SG,413,55,38.05259518
SS1651769304707,CN,CN112,3,1,0,SG,408,148,39.45883931
SS1651769304707,CN,CN112,4,1,0,SG,408,265,41.0487515
SS1651769304707,CN,CN112,5,1,0,SG,408,368,42.75511665
SS1651769304707,CN,CN112,6,1,0,SG,406,562,42.42640687
SS1651769304707,CN,CN112,7,1,0,SG,411,460,42.95346319
SS1651771465459,CN,CN113,1,1,1,SG,447,98,86.68333173
SS1651771465459,CN,CN113,2,1,0,SG,298,210,28.28427125
SS1651771465459,CN,CN113,3,1,0,SG,399,247,23.60084744
SS1651771465459,CN,CN113,4,1,0,SG,509,229,20.80865205
SS1651771465459,CN,CN113,5,1,0,SG,574,190,21.1896201
SS1651771465459,CN,CN113,6,1,0,SG,252,45,33.83784863
SS1651771465459,CN,CN113,7,1,0,SG,212,130,26.07680962
SS1651771465459,CN,CN113,8,1,0,SG,568,263,19.72308292
SS1651771465459,CN,CN113,9,1,0,SG,603,66,21.02379604
SS1651783487150,CN,CN114,1,1,0,SG,162,211,82.85529555
SS1651783487150,CN,CN114,2,1,0,SG,342,67,88.20430828
SS1651783487150,CN,CN114,3,1,0,SG,588,85,84.02380615
SS1651783487150,CN,CN114,4,1,1,SG,475,346,92.61749295
SS1651783487150,CN,CN114,5,1,0,SG,172,463,86.55634003
SS1651783487150,CN,CN114,6,1,0,SG,398,613,94.33981132
SS1651783487150,CN,CN114,7,1,0,SG,793,237,94.02127419
SS1651783487150,CN,CN114,8,1,0,SG,745,555,100.9554357
SS1651798074227,CN,CN115,1,1,1,SG,330,316,153.8440769
SS1651798074227,CN,CN115,2,1,0,SG,705,184,68.70953355
SS1651798074227,CN,CN115,3,1,0,SG,721,372,66.06814664
SS1651798074227,CN,CN115,4,1,0,SG,693,557,65.96969001
SS1651798074227,CN,CN115,5,1,0,SG,371,627,85.49268975
SS1651799596238,CN,CN116,1,1,1,SG,385,89,66.06814664
SS1651799596238,CN,CN116,2,1,0,SG,533,351,262.6880279
SS1651802919199,CN,CN117,1,1,1,SG,408,407,52.61178575
SS1651802919199,CN,CN117,2,1,0,SG,117,90,86.37129153
SS1651802919199,CN,CN117,3,1,0,SG,382,102,97.83659847
SS1651802919199,CN,CN117,4,1,0,SG,669,235,85.80209788
SS1651802919199,CN,CN117,5,1,0,SG,500,578,91.83136719
SS1651802919199,CN,CN117,6,1,0,SG,228,554,96.16652224
SS1651802919199,CN,CN117,7,1,0,SG,704,439,85.14693183
SS1651804378273,CN,CN118,1,0,0,SG,200,160,115.6027681
SS1651804378273,CN,CN118,2,0,0,SG,537,122,74.63243263
SS1651804378273,CN,CN118,3,0,0,SG,376,147,30
SS1651804729362,CN,CN119,1,0,0,SG,454,127,112.7208942
SS1651804729362,CN,CN119,2,0,0,SG,729,134,104.5466403
SS1651804729362,CN,CN119,3,0,0,SG,920,120,56.0357029
SS1651804729362,CN,CN119,4,0,0,SG,192,117,111.3058848
SS1651804768520,CN,CN120,1,1,1,SG,234,194,79.64923101
SS1651804768520,CN,CN120,2,1,0,SG,509,153,69.64194139
SS1651804768520,CN,CN120,3,1,0,SG,551,348,72.80109889
SS1651804768520,CN,CN120,4,1,0,SG,409,498,76.40026178
SS1651804768520,CN,CN120,5,1,0,SG,212,414,79.906195
SS1651806183814,CN,CN121,1,1,1,SG,102,298,121.6593605
SS1651806183814,CN,CN121,2,1,0,SG,362,350,83.09632964
SS1651806183814,CN,CN121,3,1,0,SG,341,147,101.8233765
SS1651806183814,CN,CN121,4,1,0,SG,379,551,97.5807358
SS1651807227958,CN,CN122,1,1,1,SG,438,140,80.8084154
SS1651807227958,CN,CN122,2,1,0,SG,622,125,42.63801121
SS1651807227958,CN,CN122,3,1,0,SG,545,258,45.96737974
SS1651807227958,CN,CN122,4,1,0,SG,262,255,66.48308055
SS1651807227958,CN,CN122,5,1,0,SG,412,442,58.69412236
SS1651807671427,CN,CN123,1,1,0,SG,267,595,94.66784037
SS1651807671427,CN,CN123,2,1,0,SG,193,226,124.8439025
SS1651807671427,CN,CN123,3,1,0,SG,481,137,64.40496875
SS1651807671427,CN,CN123,4,1,0,SG,785,97,109.7861558
SS1651807671427,CN,CN123,5,1,1,SG,707,444,199.9024762
SS1651809674248,CN,CN124,1,1,0,SG,322,193,53.82378656
SS1651809674248,CN,CN124,2,1,0,SG,593,184,54.40588203
SS1651809674248,CN,CN124,3,1,1,SG,454,369,126.6570172
SS1651809674248,CN,CN124,4,1,0,SG,632,317,47.92702787
SS1651809674248,CN,CN124,5,1,0,SG,209,371,95.58765611
SS1651809674248,CN,CN124,6,1,0,SG,628,450,67.20119047
SS1651810536901,CN,CN125,1,1,0,SG,665,193,70.61161378
SS1651810536901,CN,CN125,2,1,1,SG,380,333,98.12746812
SS1651810536901,CN,CN125,3,1,0,SG,146,164,113.5341358
SS1651810536901,CN,CN125,4,1,0,SG,615,332,57.70615219
SS1651810766684,CN,CN126,1,1,1,SG,664,415,297.2036339
SS1651810766684,CN,CN126,2,1,0,SG,125,137,98.2903861
SS1651810766684,CN,CN126,3,1,0,SG,134,503,90.97252332
SS1651811217708,CN,CN127,1,1,1,SG,336,130,97.49358953
SS1651811217708,CN,CN127,2,1,0,SG,700,117,96.02603814
SS1651812084324,CN,CN128,1,1,1,SG,517,325,90.90654542
SS1651812084324,CN,CN128,2,1,0,SG,698,122,58.6003413
SS1651812084324,CN,CN128,3,1,0,SG,461,118,55.86591089
SS1651812084324,CN,CN128,4,1,0,SG,259,241,65.4369926
SS1651812084324,CN,CN128,5,1,0,SG,307,459,60.80296045
SS1651812084324,CN,CN128,6,1,0,SG,511,536,63.00793601
SS1651813057402,CN,CN129,1,1,1,SG,713,548,246.8116691
SS1651813057402,CN,CN129,2,1,0,SG,241,271,148.1215717
SS1651813633535,CN,CN130,1,1,1,SG,340,245,127.0157471
SS1651813633535,CN,CN130,2,1,0,SG,539,72,46.66904756
SS1651813633535,CN,CN130,3,1,0,SG,562,214,42.20189569
SS1651813633535,CN,CN130,4,1,0,SG,545,339,49.81967483
SS1651813633535,CN,CN130,5,1,0,SG,418,466,60.74537019
SS1651813633535,CN,CN130,6,1,0,SG,178,441,78.87331615
SS1651813633535,CN,CN130,7,1,0,SG,114,257,41.77319715
SS1651813633535,CN,CN130,8,1,0,SG,116,91,22.20360331
SS1651813633535,CN,CN130,9,1,0,SG,297,35,24.69817807
SS1651813633535,CN,CN130,10,1,0,SG,699,77,31.82766093
SS1651813633535,CN,CN130,11,1,0,SG,703,245,37.69615365
SS1651818877028,CN,CN131,1,1,1,SG,495,257,47.80167361
SS1651818877028,CN,CN131,2,1,0,SG,336,74,50.93132631
SS1651818877028,CN,CN131,3,1,0,SG,541,52,54.4885309
SS1651818877028,CN,CN131,4,1,0,SG,716,139,45.607017
SS1651818877028,CN,CN131,5,1,0,SG,703,327,48.83646179
SS1651818877028,CN,CN131,6,1,0,SG,532,469,53.45091206
SS1651818877028,CN,CN131,7,1,0,SG,294,394,68.44705983
SS1651818877028,CN,CN131,8,1,0,SG,198,109,56.43580424
SS1651818877028,CN,CN131,9,1,0,SG,116,229,52.32590181
SS1651818877028,CN,CN131,10,1,0,SG,861,268,44.04543109
SS1651821991579,CN,CN132,1,1,1,SG,502,73,50.24937811
SS1651821991579,CN,CN132,2,1,0,SG,112,158,58.69412236
SS1651821991579,CN,CN132,3,1,0,SG,295,211,57.98275606
SS1651821991579,CN,CN132,4,1,0,SG,519,232,55.07267925
SS1651821991579,CN,CN132,5,1,0,SG,684,222,57.31491952
SS1651822926317,CN,CN133,1,1,1,SG,501,146,70.00714249
SS1651822926317,CN,CN133,2,1,0,SG,167,134,71.42128534
SS1651822926317,CN,CN133,3,1,0,SG,250,326,73.59347797
SS1651822926317,CN,CN133,4,1,0,SG,437,545,63.41135545
SS1651822926317,CN,CN133,5,1,0,SG,697,492,67.06713055
SS1651822926317,CN,CN133,6,1,0,SG,890,305,65.80273551
SS1651822926317,CN,CN133,7,1,0,SG,98,532,70.83784299
SS1651822926317,CN,CN133,8,1,0,SG,709,76,58.13776741
SS1651822926317,CN,CN133,9,1,0,SG,900,76,61.58733636
SS1651827681410,CN,CN134,1,1,1,SG,397,158,76.6093989
SS1651827681410,CN,CN134,2,1,0,SG,535,101,63.28506933
SS1651827681410,CN,CN134,3,1,0,SG,541,244,61.85466838
SS1651827681410,CN,CN134,4,1,0,SG,229,87,76.55716818
SS1651827681410,CN,CN134,5,1,0,SG,280,240,54.40588203
SS1651827681410,CN,CN134,6,1,0,SG,393,323,75.53806987
SS1651828791480,CN,CN135,1,1,1,SG,163,174,143.808901
SS1651828791480,CN,CN135,2,1,0,SG,609,134,95.25754563
SS1651828791480,CN,CN135,3,1,0,SG,416,396,102.9417311
SS1651828791480,CN,CN135,4,1,0,SG,716,356,89.82761268
SS1651835352625,CN,CN136,1,1,1,SG,515,74,33.24154028
SS1651835352625,CN,CN136,2,1,0,SG,509,184,35.60898763
SS1651835352625,CN,CN136,3,1,0,SG,662,188,35.38361203
SS1651835352625,CN,CN136,4,1,0,SG,351,197,37.20215048
SS1651837328638,CN,CN137,1,1,1,SG,234,235,196.5426162
SS1651837328638,CN,CN137,2,1,0,SG,633,154,124.8078523
SS1651837328638,CN,CN137,3,1,0,SG,607,475,142.9020644
SS1651837445397,CN,CN138,1,1,1,SG,205,166,112.8981842
SS1651837445397,CN,CN138,2,1,0,SG,517,121,56.61271942
SS1651837445397,CN,CN138,3,1,0,SG,489,257,71.55417528
SS1651837445397,CN,CN138,4,1,0,SG,452,458,81.34494453
SS1651837445397,CN,CN138,5,1,0,SG,231,434,102
SS1651837683659,CN,CN139,1,1,1,SG,479,366,55.02726597
SS1651837683659,CN,CN139,2,1,0,SG,274,161,41.23105626
SS1651837683659,CN,CN139,3,1,0,SG,482,124,57.42821606
SS1651837683659,CN,CN139,4,1,0,SG,671,159,64.81512169
SS1651837683659,CN,CN139,5,1,0,SG,480,584,102.420701
SS1651839455332,CN,CN140,1,1,1,SG,245,275,190.3181547
SS1651839455332,CN,CN140,2,1,0,SG,706,215,150.2331521
SS1651839455332,CN,CN140,3,1,0,SG,539,521,113.4636506
SS1651840732818,CN,CN141,1,1,1,SG,433,207,36.68787266
SS1651840732818,CN,CN141,2,1,0,SG,519,93,35.77708764
SS1651840732818,CN,CN141,3,1,0,SG,669,163,36.61966685
SS1651840732818,CN,CN141,4,1,0,SG,553,289,34.05877273
SS1651840732818,CN,CN141,5,1,0,SG,375,330,35.35533906
SS1651840732818,CN,CN141,6,1,0,SG,257,156,35.4682957
SS1651840989750,CN,CN142,1,1,1,SG,206,208,167.7378908
SS1651840989750,CN,CN142,2,1,0,SG,678,156,91.70605214
SS1651840989750,CN,CN142,3,1,0,SG,617,398,69.02897942
SS1651840989750,CN,CN142,4,1,0,SG,357,558,90.73588044
SS1651844131204,CN,CN144,1,1,1,SG,527,213,59.46427499
SS1651844131204,CN,CN144,2,1,0,SG,477,102,28.01785145
SS1651844131204,CN,CN144,3,1,0,SG,412,219,15
SS1651844131204,CN,CN144,4,1,0,SG,581,116,18.02775638
SS1651844131204,CN,CN144,5,1,0,SG,642,195,21.09502311
SS1651844131204,CN,CN144,6,1,0,SG,622,265,20.61552813
SS1651844131204,CN,CN144,7,1,0,SG,553,334,17.20465053
SS1651844131204,CN,CN144,8,1,0,SG,449,286,21.09502311
SS1651845522237,CN,CN145,1,1,1,SG,517,332,52.55473337
SS1651845522237,CN,CN145,2,1,0,SG,652,214,39.66106403
SS1651845522237,CN,CN145,3,1,0,SG,332,242,39.56008089
SS1651845522237,CN,CN145,4,1,0,SG,368,366,40.60788101
SS1651845522237,CN,CN145,5,1,0,SG,673,399,42.52058325
SS1651845522237,CN,CN145,6,1,0,SG,502,85,38.94868419
SS1651845522237,CN,CN145,7,1,0,SG,791,131,33.01514804
SS1651845522237,CN,CN145,8,1,0,SG,341,80,32.64965543
SS1651845522237,CN,CN145,9,1,0,SG,430,167,32.24903099
SS1651845522237,CN,CN145,10,1,0,SG,172,163,34.98571137
SS1651845522237,CN,CN145,11,1,0,SG,520,459,31.2409987
SS1651845522237,CN,CN145,12,1,0,SG,168,309,32.80243893
SS1651845522237,CN,CN145,13,1,0,SG,789,306,31.6227766
SS1651845673245,CN,CN146,1,1,1,SG,408,328,119.540788
SS1651845673245,CN,CN146,2,1,0,SG,647,141,60.44005295
SS1651845673245,CN,CN146,3,1,0,SG,150,77,51
SS1651845673245,CN,CN146,4,1,0,SG,512,151,68.09552114
SS1651845673245,CN,CN146,5,1,0,SG,370,114,55.1724569
SS1651845673245,CN,CN146,6,1,0,SG,614,297,48.82622246
SS1651847391324,CN,CN147,1,1,1,SG,395,114,39.40812099
SS1651847391324,CN,CN147,2,1,0,SG,622,71,38.28837944
SS1651847391324,CN,CN147,3,1,0,SG,583,206,36.61966685
SS1651847391324,CN,CN147,4,1,0,SG,396,262,43.01162634
SS1651849043017,CN,CN148,1,1,1,SG,428,235,130.736376
SS1651849043017,CN,CN148,2,1,0,SG,648,259,58.24946352
SS1651849043017,CN,CN148,3,1,0,SG,557,67,53.03772242
SS1651849043017,CN,CN148,4,1,0,SG,259,90,55.47071299
SS1651849043017,CN,CN148,5,1,0,SG,229,350,51.66236541
SS1651849550334,CN,CN149,1,1,1,SG,178,124,103.247276
SS1651849550334,CN,CN149,2,1,0,SG,535,111,114.1095964
SS1651849550334,CN,CN149,3,1,0,SG,118.9996649,370,98.41239759
SS1651849550334,CN,CN149,4,1,0,SG,393.0003016,518,109.4440496
SS1651849550334,CN,CN149,5,1,0,SG,746,341,114.1095964
SS1651890985414,CN,CN150,1,1,1,SG,79,136,87.20091743
SS1651890985414,CN,CN150,2,1,0,SG,498,115,62.20128616
SS1651890985414,CN,CN150,3,1,0,SG,310,265,64.40496875
SS1651890985414,CN,CN150,4,1,0,SG,106,429,72.71863585
SS1651890985414,CN,CN150,5,1,0,SG,319,489,85.58621384
SS1651890985414,CN,CN150,6,1,0,SG,572,505,82.07923002
SS1651890985414,CN,CN150,7,1,0,SG,752,96,67.11929678
SS1651890985414,CN,CN150,8,1,0,SG,507,241,58.87274412
SS1651890985414,CN,CN150,9,1,0,SG,734,297,69.26037828
SS1651890985414,CN,CN150,10,1,0,SG,768,479,73
SS1651891187280,CN,CN151,1,1,0,SG,278,504,82.49242389
SS1651891187280,CN,CN151,2,1,0,SG,494,446,120.1041215
SS1651891187280,CN,CN151,3,1,0,SG,648,256,101.5972441
SS1651891187280,CN,CN151,4,1,0,SG,498,126,87.86353055
SS1651891187280,CN,CN151,5,1,1,SG,210,190,96.74709298
SS1651897042062,CN,CN152,1,1,1,SG,493,104,42.54409477
SS1651897042062,CN,CN152,2,1,0,SG,405,292,38.20994635
SS1651897042062,CN,CN152,3,1,0,SG,590,287,36.79673899
SS1651897042062,CN,CN152,4,1,0,SG,733,271,36.40054945
SS1651897042062,CN,CN152,5,1,0,SG,478,449,37.64306045
SS1651897042062,CN,CN152,6,1,0,SG,676,434,32.28002478
SS1651897042062,CN,CN152,7,1,0,SG,218,235,35.51056181
SS1651897042062,CN,CN152,8,1,0,SG,247,407,35.60898763
SS1651897042062,CN,CN152,9,1,0,SG,384,455,32.57299495
SS1651897042062,CN,CN152,10,1,0,SG,447,564,31.11269837
SS1651897042062,CN,CN152,11,1,0,SG,566,549,33.28663395
SS1651897042062,CN,CN152,12,1,0,SG,357,654,28.01785145
SS1651897042062,CN,CN152,13,1,0,SG,233,554,36.7151195
SS1651901964830,CN,CN153,1,1,1,SG,245,146,80.43009387
SS1651901964830,CN,CN153,2,1,0,SG,593,126,82.76472679
SS1651905218784,CN,CN154,1,1,0,SG,347,135,73.87827827
SS1651905218784,CN,CN154,2,1,1,SG,489,365,84.81155582
SS1651905218784,CN,CN154,3,1,0,SG,559,120,72.86288493
SS1651905218784,CN,CN154,4,1,0,SG,171,272,77.62087348
SS1651906129454,CN,CN155,1,1,1,SG,497,199,49.92995093
SS1651906129454,CN,CN155,2,1,0,SG,238,375,50.44799302
SS1651906129454,CN,CN155,3,1,0,SG,513,404,45
SS1651906129454,CN,CN155,4,1,0,SG,657,402,53.74011537
SS1651906129454,CN,CN155,5,1,0,SG,801,399,48.16637832
SS1651906129454,CN,CN155,6,1,0,SG,384,391,45.54119015
SS1651906129454,CN,CN155,7,1,0,SG,219,213,43.8634244
SS1651906129454,CN,CN155,8,1,0,SG,326,101,46.17358552
SS1651906591158,CN,CN156,1,0,0,SG,263,208,141.3541651
SS1651906591158,CN,CN156,2,0,0,SG,398,204,195.3048899
SS1651906687128,CN,CN157,1,1,1,SG,439,236.0003825,41
SS1651906687128,CN,CN157,2,1,0,SG,609,85.99999186,41.10960958
SS1651906687128,CN,CN157,3,1,0,SG,109,71,34.20526275
SS1651906687128,CN,CN157,4,1,0,SG,74,145,33.12099032
SS1651906687128,CN,CN157,5,1,0,SG,175,322,38.83297568
SS1651906687128,CN,CN157,6,1,0,SG,288,387,39.05124838
SS1651906687128,CN,CN157,7,1,0,SG,319,535,41.23105626
SS1651907106845,CN,CN158,1,1,0,SG,505,72,59.03388857
SS1651907106845,CN,CN158,2,1,0,SG,509,214,58
SS1651907106845,CN,CN158,3,1,0,SG,429,323,56.08029957
SS1651907106845,CN,CN158,4,1,0,SG,257,366,51.85556865
SS1651907106845,CN,CN158,5,1,0,SG,93,247,66.46803743
SS1651907106845,CN,CN158,6,1,1,SG,298,156,103.3682737
SS1651910974793,CN,CN159,1,1,1,SG,466,199,36.23534186
SS1651910974793,CN,CN159,2,1,0,SG,568,85,30.23243292
SS1651910974793,CN,CN159,3,1,0,SG,633,196,30.47950131
SS1651910974793,CN,CN159,4,1,0,SG,567,327,30.88689042
SS1651910974793,CN,CN159,5,1,0,SG,393,333,39.05124838
SS1651910974793,CN,CN159,6,1,0,SG,319,169,35.11409973
SS1651910974793,CN,CN159,7,1,0,SG,406,61,29.73213749
SS1651912088419,CN,CN160,1,1,1,SG,441,69,38.01315562
SS1651912088419,CN,CN160,2,1,0,SG,603,200,37.64306045
SS1651912088419,CN,CN160,3,1,0,SG,317,201,40.49691346
SS1651915236922,CN,CN161,1,1,1,SG,256,344,142.6359001
SS1651915236922,CN,CN161,2,1,0,SG,542,111,45.27692569
SS1651915236922,CN,CN161,3,1,0,SG,512,325,67.42403132
SS1651915236922,CN,CN161,4,1,0,SG,704,399,45.48626166
SS1651915236922,CN,CN161,5,1,0,SG,725,188,35.38361203
SS1651916837690,CN,CN162,1,1,1,SG,425,124,48.3011387
SS1651916837690,CN,CN162,2,1,0,SG,240,177,52.83937925
SS1651916837690,CN,CN162,3,1,0,SG,584,149,43.8634244
SS1651916837690,CN,CN162,4,1,0,SG,370,284,53.81449619
SS1651916837690,CN,CN162,5,1,0,SG,519,264,56.56854249
SS1651916837690,CN,CN162,6,1,0,SG,97,317,45.96737974
SS1651916886491,CN,CN163,1,1,0,SG,862,138,126.9212354
SS1651916886491,CN,CN163,2,1,0,SG,131,145,121.5113163
SS1651916886491,CN,CN163,3,1,0,SG,136,574,126.015872
SS1651916886491,CN,CN163,4,1,0,SG,813,515,56.92099788
SS1651916886491,CN,CN163,5,1,1,SG,477,383.3333282,144.6824108
SS1651918483229,CN,CN164,1,1,1,SG,299,148,68.11754546
SS1651918483229,CN,CN164,2,1,0,SG,177,259,58.6003413
SS1651918483229,CN,CN164,3,1,0,SG,136,103,62.20128616
SS1651919285907,CN,CN165,1,1,1,SG,349,281,56.8594759
SS1651919285907,CN,CN165,2,1,0,SG,76,157,51.2445119
SS1651919285907,CN,CN165,3,1,0,SG,304,60,48.38388161
SS1651919285907,CN,CN165,4,1,0,SG,620,263,54.12023651
SS1651921503296,CN,CN166,1,1,1,SG,325,310,47.63402146
SS1651921503296,CN,CN166,2,1,0,SG,458,179,25.49509757
SS1651921503296,CN,CN166,3,1,0,SG,468,239,25
SS1651921503296,CN,CN166,4,1,0,SG,449,128,23.53720459
SS1651921503296,CN,CN166,5,1,0,SG,474,296,24
SS1651921503296,CN,CN166,6,1,0,SG,172,300,36.67424164
SS1651921503296,CN,CN166,7,1,0,SG,485,347,29
SS1651921503296,CN,CN166,8,1,0,SG,494,401,26.83281573
SS1651921503296,CN,CN166,9,1,0,SG,276,504,27.65863337
SS1651921503296,CN,CN166,10,1,0,SG,509,456,31.06444913
SS1651921503296,CN,CN166,11,1,0,SG,339,504,30.52867504
SS1651921503296,CN,CN166,12,1,0,SG,219,510,29.06888371
SS1651921503296,CN,CN166,13,1,0,SG,163,515,25.49509757
SS1651921503296,CN,CN166,14,1,0,SG,307,168,25.8069758
SS1651922816094,CN,CN167,1,1,1,SG,357,221,68.9637586
SS1651922816094,CN,CN167,2,1,0,SG,529,224,67.00746227
SS1651922816094,CN,CN167,3,1,0,SG,279,430,66.06814664
SS1651922816094,CN,CN167,4,1,0,SG,504,432,60.41522987
SS1651922816094,CN,CN167,5,1,0,SG,801,125,66.21933252
SS1651922816094,CN,CN167,6,1,0,SG,668,318,65.76473219
SS1651924494966,CN,CN168,1,1,1,SG,436,138,45.88027899
SS1651924494966,CN,CN168,2,1,0,SG,212,198,54.4242593
SS1651924494966,CN,CN168,3,1,0,SG,307,312,57.56735186
SS1651924494966,CN,CN168,4,1,0,SG,600,306,46.14108798
SS1651924494966,CN,CN168,5,1,0,SG,654,149,43.60045871
SS1651924494966,CN,CN168,6,1,0,SG,454,361,54.00925847
SS1651926576151,CN,CN169,1,1,1,SG,208,121,50.24937811
SS1651926576151,CN,CN169,2,1,0,SG,443,116,55.47071299
SS1651926856493,CN,CN170,1,1,1,SG,349,331,106.400188
SS1651926856493,CN,CN170,2,1,0,SG,548,92,38.60051813
SS1651926856493,CN,CN170,3,1,0,SG,194,545,46.09772229
SS1651926856493,CN,CN170,4,1,0,SG,735,125,29.41088234
SS1651926856493,CN,CN170,5,1,0,SG,737,439,37.12142239
SS1651926856493,CN,CN170,6,1,0,SG,100,314,71.11961755
SS1651926856493,CN,CN170,7,1,0,SG,414,578,42.52058325
SS1651926856493,CN,CN170,8,1,0,SG,562,325,55.31726674
SS1651928385240,CN,CN171,1,1,1,SG,446,304,138.1918956
SS1651928385240,CN,CN171,2,1,0,SG,716,128,111.1395519
SS1651928385240,CN,CN171,3,1,0,SG,693,446,116.9316039
SS1651928385240,CN,CN171,4,1,0,SG,102,240,92.17917335
SS1651928385240,CN,CN171,5,1,0,SG,188,509,119.6202324
SS1651928385240,CN,CN171,6,1,0,SG,889,287,85.58621384
SS1651928385240,CN,CN171,7,1,0,SG,319,52,56.56854249
SS1651932416698,CN,CN172,1,1,1,SG,427,164,90.04998612
SS1651932416698,CN,CN172,2,1,0,SG,618,173,86.46964785
SS1651934015946,CN,CN173,1,1,1,SG,345,158,38.47076812
SS1651934015946,CN,CN173,2,1,0,SG,596,106,60.87692502
SS1651934015946,CN,CN173,3,1,0,SG,240,270,56.35601121
SS1651934015946,CN,CN173,4,1,0,SG,532,396,52.39274759